{"MapSize":10,"Round":19,"Winner":{"Author":"John Doe","NickName":"John","Email":"john.doe@example.com","BotType":"CSharp"},"LeaderBoard":[{"Author":"John Doe","NickName":"John","Email":"john.doe@example.com","BotType":"CSharp"},{"Author":"John Doe","NickName":"John","Email":"john.doe@example.com","BotType":"CSharp"}],"Players":[{"Author":"John Doe","NickName":"John","Email":"john.doe@example.com","BotType":"CSharp"},{"Author":"John Doe","NickName":"John","Email":"john.doe@example.com","BotType":"CSharp"}]}