{"PlayerMap":null,"OpponentMap":null,"GameVersion":"1.0.0","GameLevel":1,"Round":49,"MapDimension":10,"Phase":2,"Player1Map":{"Cells":[{"Occupied":false,"OccupiedBy":null,"Damaged":false,"Missed":true,"X":0,"Y":0},{"Occupied":false,"OccupiedBy":null,"Damaged":false,"Missed":false,"X":0,"Y":1},{"Occupied":false,"OccupiedBy":null,"Damaged":false,"Missed":false,"X":0,"Y":2},{"Occupied":false,"OccupiedBy":null,"Damaged":false,"Missed":true,"X":0,"Y":3},{"Occupied":false,"OccupiedBy":null,"Damaged":false,"Missed":false,"X":0,"Y":4},{"Occupied":false,"OccupiedBy":null,"Damaged":false,"Missed":false,"X":0,"Y":5},{"Occupied":false,"OccupiedBy":null,"Damaged":false,"Missed":false,"X":0,"Y":6},{"Occupied":false,"OccupiedBy":null,"Damaged":false,"Missed":true,"X":0,"Y":7},{"Occupied":false,"OccupiedBy":null,"Damaged":false,"Missed":false,"X":0,"Y":8},{"Occupied":false,"OccupiedBy":null,"Damaged":false,"Missed":false,"X":0,"Y":9},{"Occupied":true,"OccupiedBy":{"Destroyed":false,"Placed":true,"ShipType":"Battleship"},"Damaged":false,"Missed":false,"X":1,"Y":0},{"Occupied":true,"OccupiedBy":{"Destroyed":false,"Placed":true,"ShipType":"Battleship"},"Damaged":false,"Missed":false,"X":1,"Y":1},{"Occupied":true,"OccupiedBy":{"Destroyed":false,"Placed":true,"ShipType":"Battleship"},"Damaged":false,"Missed":false,"X":1,"Y":2},{"Occupied":true,"OccupiedBy":{"Destroyed":false,"Placed":true,"ShipType":"Battleship"},"Damaged":false,"Missed":false,"X":1,"Y":3},{"Occupied":false,"OccupiedBy":null,"Damaged":false,"Missed":false,"X":1,"Y":4},{"Occupied":false,"OccupiedBy":null,"Damaged":false,"Missed":false,"X":1,"Y":5},{"Occupied":false,"OccupiedBy":null,"Damaged":false,"Missed":false,"X":1,"Y":6},{"Occupied":false,"OccupiedBy":null,"Damaged":false,"Missed":false,"X":1,"Y":7},{"Occupied":true,"OccupiedBy":{"Destroyed":false,"Placed":true,"ShipType":"Submarine"},"Damaged":false,"Missed":false,"X":1,"Y":8},{"Occupied":false,"OccupiedBy":null,"Damaged":false,"Missed":false,"X":1,"Y":9},{"Occupied":false,"OccupiedBy":null,"Damaged":false,"Missed":true,"X":2,"Y":0},{"Occupied":false,"OccupiedBy":null,"Damaged":false,"Missed":false,"X":2,"Y":1},{"Occupied":false,"OccupiedBy":null,"Damaged":false,"Missed":false,"X":2,"Y":2},{"Occupied":false,"OccupiedBy":null,"Damaged":false,"Missed":true,"X":2,"Y":3},{"Occupied":false,"OccupiedBy":null,"Damaged":false,"Missed":false,"X":2,"Y":4},{"Occupied":false,"OccupiedBy":null,"Damaged":false,"Missed":false,"X":2,"Y":5},{"Occupied":false,"OccupiedBy":null,"Damaged":false,"Missed":false,"X":2,"Y":6},{"Occupied":false,"OccupiedBy":null,"Damaged":false,"Missed":false,"X":2,"Y":7},{"Occupied":true,"OccupiedBy":{"Destroyed":false,"Placed":true,"ShipType":"Submarine"},"Damaged":false,"Missed":false,"X":2,"Y":8},{"Occupied":false,"OccupiedBy":null,"Damaged":false,"Missed":false,"X":2,"Y":9},{"Occupied":false,"OccupiedBy":null,"Damaged":false,"Missed":false,"X":3,"Y":0},{"Occupied":true,"OccupiedBy":{"Destroyed":false,"Placed":true,"ShipType":"Carrier"},"Damaged":false,"Missed":false,"X":3,"Y":1},{"Occupied":false,"OccupiedBy":null,"Damaged":false,"Missed":false,"X":3,"Y":2},{"Occupied":false,"OccupiedBy":null,"Damaged":false,"Missed":false,"X":3,"Y":3},{"Occupied":false,"OccupiedBy":null,"Damaged":false,"Missed":false,"X":3,"Y":4},{"Occupied":false,"OccupiedBy":null,"Damaged":false,"Missed":true,"X":3,"Y":5},{"Occupied":false,"OccupiedBy":null,"Damaged":false,"Missed":false,"X":3,"Y":6},{"Occupied":false,"OccupiedBy":null,"Damaged":false,"Missed":false,"X":3,"Y":7},{"Occupied":true,"OccupiedBy":{"Destroyed":false,"Placed":true,"ShipType":"Submarine"},"Damaged":false,"Missed":false,"X":3,"Y":8},{"Occupied":false,"OccupiedBy":null,"Damaged":false,"Missed":false,"X":3,"Y":9},{"Occupied":false,"OccupiedBy":null,"Damaged":false,"Missed":true,"X":4,"Y":0},{"Occupied":true,"OccupiedBy":{"Destroyed":false,"Placed":true,"ShipType":"Carrier"},"Damaged":true,"Missed":false,"X":4,"Y":1},{"Occupied":true,"OccupiedBy":{"Destroyed":false,"Placed":true,"ShipType":"Cruiser"},"Damaged":false,"Missed":false,"X":4,"Y":2},{"Occupied":true,"OccupiedBy":{"Destroyed":false,"Placed":true,"ShipType":"Cruiser"},"Damaged":false,"Missed":false,"X":4,"Y":3},{"Occupied":true,"OccupiedBy":{"Destroyed":false,"Placed":true,"ShipType":"Cruiser"},"Damaged":true,"Missed":false,"X":4,"Y":4},{"Occupied":false,"OccupiedBy":null,"Damaged":false,"Missed":true,"X":4,"Y":5},{"Occupied":false,"OccupiedBy":null,"Damaged":false,"Missed":false,"X":4,"Y":6},{"Occupied":false,"OccupiedBy":null,"Damaged":false,"Missed":false,"X":4,"Y":7},{"Occupied":false,"OccupiedBy":null,"Damaged":false,"Missed":false,"X":4,"Y":8},{"Occupied":false,"OccupiedBy":null,"Damaged":false,"Missed":false,"X":4,"Y":9},{"Occupied":false,"OccupiedBy":null,"Damaged":false,"Missed":false,"X":5,"Y":0},{"Occupied":true,"OccupiedBy":{"Destroyed":false,"Placed":true,"ShipType":"Carrier"},"Damaged":false,"Missed":false,"X":5,"Y":1},{"Occupied":false,"OccupiedBy":null,"Damaged":false,"Missed":false,"X":5,"Y":2},{"Occupied":false,"OccupiedBy":null,"Damaged":false,"Missed":false,"X":5,"Y":3},{"Occupied":false,"OccupiedBy":null,"Damaged":false,"Missed":true,"X":5,"Y":4},{"Occupied":false,"OccupiedBy":null,"Damaged":false,"Missed":false,"X":5,"Y":5},{"Occupied":false,"OccupiedBy":null,"Damaged":false,"Missed":false,"X":5,"Y":6},{"Occupied":false,"OccupiedBy":null,"Damaged":false,"Missed":true,"X":5,"Y":7},{"Occupied":false,"OccupiedBy":null,"Damaged":false,"Missed":false,"X":5,"Y":8},{"Occupied":false,"OccupiedBy":null,"Damaged":false,"Missed":false,"X":5,"Y":9},{"Occupied":false,"OccupiedBy":null,"Damaged":false,"Missed":true,"X":6,"Y":0},{"Occupied":true,"OccupiedBy":{"Destroyed":false,"Placed":true,"ShipType":"Carrier"},"Damaged":false,"Missed":false,"X":6,"Y":1},{"Occupied":false,"OccupiedBy":null,"Damaged":false,"Missed":true,"X":6,"Y":2},{"Occupied":false,"OccupiedBy":null,"Damaged":false,"Missed":false,"X":6,"Y":3},{"Occupied":false,"OccupiedBy":null,"Damaged":false,"Missed":false,"X":6,"Y":4},{"Occupied":false,"OccupiedBy":null,"Damaged":false,"Missed":false,"X":6,"Y":5},{"Occupied":false,"OccupiedBy":null,"Damaged":false,"Missed":true,"X":6,"Y":6},{"Occupied":false,"OccupiedBy":null,"Damaged":false,"Missed":false,"X":6,"Y":7},{"Occupied":false,"OccupiedBy":null,"Damaged":false,"Missed":false,"X":6,"Y":8},{"Occupied":false,"OccupiedBy":null,"Damaged":false,"Missed":false,"X":6,"Y":9},{"Occupied":false,"OccupiedBy":null,"Damaged":false,"Missed":false,"X":7,"Y":0},{"Occupied":true,"OccupiedBy":{"Destroyed":false,"Placed":true,"ShipType":"Carrier"},"Damaged":true,"Missed":false,"X":7,"Y":1},{"Occupied":false,"OccupiedBy":null,"Damaged":false,"Missed":true,"X":7,"Y":2},{"Occupied":true,"OccupiedBy":{"Destroyed":true,"Placed":true,"ShipType":"Destroyer"},"Damaged":true,"Missed":false,"X":7,"Y":3},{"Occupied":true,"OccupiedBy":{"Destroyed":true,"Placed":true,"ShipType":"Destroyer"},"Damaged":true,"Missed":false,"X":7,"Y":4},{"Occupied":false,"OccupiedBy":null,"Damaged":false,"Missed":false,"X":7,"Y":5},{"Occupied":false,"OccupiedBy":null,"Damaged":false,"Missed":true,"X":7,"Y":6},{"Occupied":false,"OccupiedBy":null,"Damaged":false,"Missed":true,"X":7,"Y":7},{"Occupied":false,"OccupiedBy":null,"Damaged":false,"Missed":false,"X":7,"Y":8},{"Occupied":false,"OccupiedBy":null,"Damaged":false,"Missed":false,"X":7,"Y":9},{"Occupied":false,"OccupiedBy":null,"Damaged":false,"Missed":true,"X":8,"Y":0},{"Occupied":false,"OccupiedBy":null,"Damaged":false,"Missed":false,"X":8,"Y":1},{"Occupied":false,"OccupiedBy":null,"Damaged":false,"Missed":false,"X":8,"Y":2},{"Occupied":false,"OccupiedBy":null,"Damaged":false,"Missed":false,"X":8,"Y":3},{"Occupied":false,"OccupiedBy":null,"Damaged":false,"Missed":false,"X":8,"Y":4},{"Occupied":false,"OccupiedBy":null,"Damaged":false,"Missed":false,"X":8,"Y":5},{"Occupied":false,"OccupiedBy":null,"Damaged":false,"Missed":true,"X":8,"Y":6},{"Occupied":false,"OccupiedBy":null,"Damaged":false,"Missed":false,"X":8,"Y":7},{"Occupied":false,"OccupiedBy":null,"Damaged":false,"Missed":false,"X":8,"Y":8},{"Occupied":false,"OccupiedBy":null,"Damaged":false,"Missed":false,"X":8,"Y":9},{"Occupied":false,"OccupiedBy":null,"Damaged":false,"Missed":false,"X":9,"Y":0},{"Occupied":false,"OccupiedBy":null,"Damaged":false,"Missed":false,"X":9,"Y":1},{"Occupied":false,"OccupiedBy":null,"Damaged":false,"Missed":false,"X":9,"Y":2},{"Occupied":false,"OccupiedBy":null,"Damaged":false,"Missed":false,"X":9,"Y":3},{"Occupied":false,"OccupiedBy":null,"Damaged":false,"Missed":false,"X":9,"Y":4},{"Occupied":false,"OccupiedBy":null,"Damaged":false,"Missed":false,"X":9,"Y":5},{"Occupied":false,"OccupiedBy":null,"Damaged":false,"Missed":false,"X":9,"Y":6},{"Occupied":false,"OccupiedBy":null,"Damaged":false,"Missed":false,"X":9,"Y":7},{"Occupied":false,"OccupiedBy":null,"Damaged":false,"Missed":false,"X":9,"Y":8},{"Occupied":false,"OccupiedBy":null,"Damaged":false,"Missed":false,"X":9,"Y":9}],"Owner":{"FailedFirstRoundCommands":0,"Name":"John","SingleShotWeapon":{},"Ships":[{"Destroyed":false,"Placed":true,"ShipType":"Submarine"},{"Destroyed":true,"Placed":true,"ShipType":"Destroyer"},{"Destroyed":false,"Placed":true,"ShipType":"Battleship"},{"Destroyed":false,"Placed":true,"ShipType":"Carrier"},{"Destroyed":false,"Placed":true,"ShipType":"Cruiser"}],"PlayerType":0,"Points":40,"Killed":false,"IsWinner":false,"ShotsFired":21,"ShotsHit":4,"ShipsRemaing":4,"Key":"A"},"MapWidth":10,"MapHeight":10},"Player2Map":{"Cells":[{"Occupied":false,"OccupiedBy":null,"Damaged":false,"Missed":false,"X":0,"Y":0},{"Occupied":false,"OccupiedBy":null,"Damaged":false,"Missed":false,"X":0,"Y":1},{"Occupied":false,"OccupiedBy":null,"Damaged":false,"Missed":true,"X":0,"Y":2},{"Occupied":false,"OccupiedBy":null,"Damaged":false,"Missed":false,"X":0,"Y":3},{"Occupied":false,"OccupiedBy":null,"Damaged":false,"Missed":false,"X":0,"Y":4},{"Occupied":false,"OccupiedBy":null,"Damaged":false,"Missed":true,"X":0,"Y":5},{"Occupied":false,"OccupiedBy":null,"Damaged":false,"Missed":false,"X":0,"Y":6},{"Occupied":false,"OccupiedBy":null,"Damaged":false,"Missed":false,"X":0,"Y":7},{"Occupied":false,"OccupiedBy":null,"Damaged":false,"Missed":true,"X":0,"Y":8},{"Occupied":false,"OccupiedBy":null,"Damaged":false,"Missed":false,"X":0,"Y":9},{"Occupied":true,"OccupiedBy":{"Destroyed":false,"Placed":true,"ShipType":"Battleship"},"Damaged":false,"Missed":false,"X":1,"Y":0},{"Occupied":true,"OccupiedBy":{"Destroyed":false,"Placed":true,"ShipType":"Battleship"},"Damaged":false,"Missed":false,"X":1,"Y":1},{"Occupied":true,"OccupiedBy":{"Destroyed":false,"Placed":true,"ShipType":"Battleship"},"Damaged":false,"Missed":false,"X":1,"Y":2},{"Occupied":true,"OccupiedBy":{"Destroyed":false,"Placed":true,"ShipType":"Battleship"},"Damaged":false,"Missed":false,"X":1,"Y":3},{"Occupied":false,"OccupiedBy":null,"Damaged":false,"Missed":false,"X":1,"Y":4},{"Occupied":false,"OccupiedBy":null,"Damaged":false,"Missed":true,"X":1,"Y":5},{"Occupied":false,"OccupiedBy":null,"Damaged":false,"Missed":true,"X":1,"Y":6},{"Occupied":false,"OccupiedBy":null,"Damaged":false,"Missed":false,"X":1,"Y":7},{"Occupied":true,"OccupiedBy":{"Destroyed":false,"Placed":true,"ShipType":"Submarine"},"Damaged":true,"Missed":false,"X":1,"Y":8},{"Occupied":false,"OccupiedBy":null,"Damaged":false,"Missed":false,"X":1,"Y":9},{"Occupied":false,"OccupiedBy":null,"Damaged":false,"Missed":false,"X":2,"Y":0},{"Occupied":false,"OccupiedBy":null,"Damaged":false,"Missed":false,"X":2,"Y":1},{"Occupied":false,"OccupiedBy":null,"Damaged":false,"Missed":false,"X":2,"Y":2},{"Occupied":false,"OccupiedBy":null,"Damaged":false,"Missed":false,"X":2,"Y":3},{"Occupied":false,"OccupiedBy":null,"Damaged":false,"Missed":false,"X":2,"Y":4},{"Occupied":false,"OccupiedBy":null,"Damaged":false,"Missed":false,"X":2,"Y":5},{"Occupied":false,"OccupiedBy":null,"Damaged":false,"Missed":false,"X":2,"Y":6},{"Occupied":false,"OccupiedBy":null,"Damaged":false,"Missed":false,"X":2,"Y":7},{"Occupied":true,"OccupiedBy":{"Destroyed":false,"Placed":true,"ShipType":"Submarine"},"Damaged":false,"Missed":false,"X":2,"Y":8},{"Occupied":false,"OccupiedBy":null,"Damaged":false,"Missed":false,"X":2,"Y":9},{"Occupied":false,"OccupiedBy":null,"Damaged":false,"Missed":true,"X":3,"Y":0},{"Occupied":true,"OccupiedBy":{"Destroyed":false,"Placed":true,"ShipType":"Carrier"},"Damaged":false,"Missed":false,"X":3,"Y":1},{"Occupied":false,"OccupiedBy":null,"Damaged":false,"Missed":true,"X":3,"Y":2},{"Occupied":false,"OccupiedBy":null,"Damaged":false,"Missed":true,"X":3,"Y":3},{"Occupied":false,"OccupiedBy":null,"Damaged":false,"Missed":false,"X":3,"Y":4},{"Occupied":false,"OccupiedBy":null,"Damaged":false,"Missed":false,"X":3,"Y":5},{"Occupied":false,"OccupiedBy":null,"Damaged":false,"Missed":true,"X":3,"Y":6},{"Occupied":false,"OccupiedBy":null,"Damaged":false,"Missed":false,"X":3,"Y":7},{"Occupied":true,"OccupiedBy":{"Destroyed":false,"Placed":true,"ShipType":"Submarine"},"Damaged":true,"Missed":false,"X":3,"Y":8},{"Occupied":false,"OccupiedBy":null,"Damaged":false,"Missed":false,"X":3,"Y":9},{"Occupied":false,"OccupiedBy":null,"Damaged":false,"Missed":false,"X":4,"Y":0},{"Occupied":true,"OccupiedBy":{"Destroyed":false,"Placed":true,"ShipType":"Carrier"},"Damaged":false,"Missed":false,"X":4,"Y":1},{"Occupied":true,"OccupiedBy":{"Destroyed":false,"Placed":true,"ShipType":"Cruiser"},"Damaged":false,"Missed":false,"X":4,"Y":2},{"Occupied":true,"OccupiedBy":{"Destroyed":false,"Placed":true,"ShipType":"Cruiser"},"Damaged":false,"Missed":false,"X":4,"Y":3},{"Occupied":true,"OccupiedBy":{"Destroyed":false,"Placed":true,"ShipType":"Cruiser"},"Damaged":true,"Missed":false,"X":4,"Y":4},{"Occupied":false,"OccupiedBy":null,"Damaged":false,"Missed":false,"X":4,"Y":5},{"Occupied":false,"OccupiedBy":null,"Damaged":false,"Missed":false,"X":4,"Y":6},{"Occupied":false,"OccupiedBy":null,"Damaged":false,"Missed":true,"X":4,"Y":7},{"Occupied":false,"OccupiedBy":null,"Damaged":false,"Missed":true,"X":4,"Y":8},{"Occupied":false,"OccupiedBy":null,"Damaged":false,"Missed":false,"X":4,"Y":9},{"Occupied":false,"OccupiedBy":null,"Damaged":false,"Missed":true,"X":5,"Y":0},{"Occupied":true,"OccupiedBy":{"Destroyed":false,"Placed":true,"ShipType":"Carrier"},"Damaged":false,"Missed":false,"X":5,"Y":1},{"Occupied":false,"OccupiedBy":null,"Damaged":false,"Missed":false,"X":5,"Y":2},{"Occupied":false,"OccupiedBy":null,"Damaged":false,"Missed":false,"X":5,"Y":3},{"Occupied":false,"OccupiedBy":null,"Damaged":false,"Missed":false,"X":5,"Y":4},{"Occupied":false,"OccupiedBy":null,"Damaged":false,"Missed":false,"X":5,"Y":5},{"Occupied":false,"OccupiedBy":null,"Damaged":false,"Missed":false,"X":5,"Y":6},{"Occupied":false,"OccupiedBy":null,"Damaged":false,"Missed":false,"X":5,"Y":7},{"Occupied":false,"OccupiedBy":null,"Damaged":false,"Missed":false,"X":5,"Y":8},{"Occupied":false,"OccupiedBy":null,"Damaged":false,"Missed":false,"X":5,"Y":9},{"Occupied":false,"OccupiedBy":null,"Damaged":false,"Missed":false,"X":6,"Y":0},{"Occupied":true,"OccupiedBy":{"Destroyed":false,"Placed":true,"ShipType":"Carrier"},"Damaged":false,"Missed":false,"X":6,"Y":1},{"Occupied":false,"OccupiedBy":null,"Damaged":false,"Missed":false,"X":6,"Y":2},{"Occupied":false,"OccupiedBy":null,"Damaged":false,"Missed":true,"X":6,"Y":3},{"Occupied":false,"OccupiedBy":null,"Damaged":false,"Missed":false,"X":6,"Y":4},{"Occupied":false,"OccupiedBy":null,"Damaged":false,"Missed":true,"X":6,"Y":5},{"Occupied":false,"OccupiedBy":null,"Damaged":false,"Missed":false,"X":6,"Y":6},{"Occupied":false,"OccupiedBy":null,"Damaged":false,"Missed":false,"X":6,"Y":7},{"Occupied":false,"OccupiedBy":null,"Damaged":false,"Missed":true,"X":6,"Y":8},{"Occupied":false,"OccupiedBy":null,"Damaged":false,"Missed":false,"X":6,"Y":9},{"Occupied":false,"OccupiedBy":null,"Damaged":false,"Missed":false,"X":7,"Y":0},{"Occupied":true,"OccupiedBy":{"Destroyed":false,"Placed":true,"ShipType":"Carrier"},"Damaged":false,"Missed":false,"X":7,"Y":1},{"Occupied":false,"OccupiedBy":null,"Damaged":false,"Missed":false,"X":7,"Y":2},{"Occupied":true,"OccupiedBy":{"Destroyed":false,"Placed":true,"ShipType":"Destroyer"},"Damaged":true,"Missed":false,"X":7,"Y":3},{"Occupied":true,"OccupiedBy":{"Destroyed":false,"Placed":true,"ShipType":"Destroyer"},"Damaged":false,"Missed":false,"X":7,"Y":4},{"Occupied":false,"OccupiedBy":null,"Damaged":false,"Missed":false,"X":7,"Y":5},{"Occupied":false,"OccupiedBy":null,"Damaged":false,"Missed":false,"X":7,"Y":6},{"Occupied":false,"OccupiedBy":null,"Damaged":false,"Missed":false,"X":7,"Y":7},{"Occupied":false,"OccupiedBy":null,"Damaged":false,"Missed":false,"X":7,"Y":8},{"Occupied":false,"OccupiedBy":null,"Damaged":false,"Missed":false,"X":7,"Y":9},{"Occupied":false,"OccupiedBy":null,"Damaged":false,"Missed":false,"X":8,"Y":0},{"Occupied":false,"OccupiedBy":null,"Damaged":false,"Missed":false,"X":8,"Y":1},{"Occupied":false,"OccupiedBy":null,"Damaged":false,"Missed":false,"X":8,"Y":2},{"Occupied":false,"OccupiedBy":null,"Damaged":false,"Missed":false,"X":8,"Y":3},{"Occupied":false,"OccupiedBy":null,"Damaged":false,"Missed":false,"X":8,"Y":4},{"Occupied":false,"OccupiedBy":null,"Damaged":false,"Missed":false,"X":8,"Y":5},{"Occupied":false,"OccupiedBy":null,"Damaged":false,"Missed":true,"X":8,"Y":6},{"Occupied":false,"OccupiedBy":null,"Damaged":false,"Missed":false,"X":8,"Y":7},{"Occupied":false,"OccupiedBy":null,"Damaged":false,"Missed":false,"X":8,"Y":8},{"Occupied":false,"OccupiedBy":null,"Damaged":false,"Missed":false,"X":8,"Y":9},{"Occupied":false,"OccupiedBy":null,"Damaged":false,"Missed":false,"X":9,"Y":0},{"Occupied":false,"OccupiedBy":null,"Damaged":false,"Missed":false,"X":9,"Y":1},{"Occupied":false,"OccupiedBy":null,"Damaged":false,"Missed":false,"X":9,"Y":2},{"Occupied":false,"OccupiedBy":null,"Damaged":false,"Missed":false,"X":9,"Y":3},{"Occupied":false,"OccupiedBy":null,"Damaged":false,"Missed":false,"X":9,"Y":4},{"Occupied":false,"OccupiedBy":null,"Damaged":false,"Missed":false,"X":9,"Y":5},{"Occupied":false,"OccupiedBy":null,"Damaged":false,"Missed":false,"X":9,"Y":6},{"Occupied":false,"OccupiedBy":null,"Damaged":false,"Missed":false,"X":9,"Y":7},{"Occupied":false,"OccupiedBy":null,"Damaged":false,"Missed":false,"X":9,"Y":8},{"Occupied":false,"OccupiedBy":null,"Damaged":false,"Missed":false,"X":9,"Y":9}],"Owner":{"FailedFirstRoundCommands":0,"Name":"John","SingleShotWeapon":{},"Ships":[{"Destroyed":false,"Placed":true,"ShipType":"Submarine"},{"Destroyed":false,"Placed":true,"ShipType":"Destroyer"},{"Destroyed":false,"Placed":true,"ShipType":"Battleship"},{"Destroyed":false,"Placed":true,"ShipType":"Carrier"},{"Destroyed":false,"Placed":true,"ShipType":"Cruiser"}],"PlayerType":1,"Points":90,"Killed":false,"IsWinner":false,"ShotsFired":27,"ShotsHit":6,"ShipsRemaing":5,"Key":"B"},"MapWidth":10,"MapHeight":10}}